strategy,budget_fraction,byte_cap,seed,selected_packets,selection_seconds,evaluation_seconds,observed_unique_bulk_bytes,original_bytes,selected_bytes,actual_retention_percent,packet_retention_percent,storage_reduction_percent,coverage,answered,normalized_efficiency,questions_per_mib
random,0.01,9049,0,19,0.0004613997880369425,0.010632000165060163,2400,904905,8975,0.9918168205502235,1.3446567586694975,99.00818317944977,0.0,0,0.0,0.0
random,0.01,9049,1,20,0.0005381000228226185,0.010885300114750862,3600,904905,9049,0.9999944745581028,1.4154281670205238,99.00000552544189,0.0,0,0.0,0.0
random,0.01,9049,2,16,0.0005385999102145433,0.008698699995875359,2400,904905,9015,0.9962371740679962,1.132342533616419,99.003762825932,0.0,0,0.0,0.0
random,0.01,9049,3,16,0.0010164000559598207,0.009918299969285727,0,904905,8976,0.9919273293881679,1.132342533616419,99.00807267061184,0.0,0,0.0,0.0
random,0.01,9049,4,11,0.0005395000334829092,0.011129300110042095,3600,904905,9017,0.9964581917438847,0.778485491861288,99.00354180825612,0.0,0,0.0,0.0
random,0.01,9049,5,17,0.0004935001488775015,0.008909600088372827,1200,904905,9043,0.999331421530437,1.2031139419674453,99.00066857846956,0.0,0,0.0,0.0
random,0.01,9049,6,19,0.0007527999114245176,0.008901399793103337,2400,904905,9031,0.9980053154751052,1.3446567586694975,99.0019946845249,0.0,0,0.0,0.0
random,0.01,9049,7,15,0.00047399988397955894,0.012780300108715892,1200,904905,8999,0.9944690326608872,1.0615711252653928,99.00553096733911,0.0,0,0.0,0.0
random,0.01,9049,8,15,0.0004284000024199486,0.009647799888625741,3600,904905,9042,0.9992209126924926,1.0615711252653928,99.0007790873075,0.0,0,0.0,0.0
random,0.01,9049,9,22,0.0004211999475955963,0.01057590008713305,3600,904905,8978,0.9921483470640565,1.556970983722576,99.00785165293594,0.0,0,0.0,0.0
random,0.01,9049,10,23,0.00048670009709894657,0.00872809998691082,1200,904905,9043,0.999331421530437,1.6277423920736023,99.00066857846956,0.0,0,0.0,0.0
random,0.01,9049,11,18,0.0005196998827159405,0.007547400193288922,2400,904905,9004,0.9950215768506087,1.2738853503184713,99.0049784231494,0.0,0,0.0,0.0
random,0.01,9049,12,19,0.00048779998905956745,0.013661900069564581,3600,904905,9023,0.9971212447715505,1.3446567586694975,99.00287875522845,0.0,0,0.0,0.0
random,0.01,9049,13,22,0.0005493999924510717,0.007951600011438131,1200,904905,9023,0.9971212447715505,1.556970983722576,99.00287875522845,0.0,0,0.0,0.0
random,0.01,9049,14,19,0.0004384000785648823,0.01184089994058013,2400,904905,9032,0.9981158243130493,1.3446567586694975,99.00188417568695,0.0,0,0.0,0.0
random,0.01,9049,15,17,0.0005545997992157936,0.010795899899676442,3600,904905,8993,0.9938059796332211,1.2031139419674453,99.00619402036678,0.0,0,0.0,0.0
random,0.01,9049,16,19,0.0005737999454140663,0.008389099966734648,2400,904905,8991,0.9935849619573325,1.3446567586694975,99.00641503804268,0.0,0,0.0,0.0
random,0.01,9049,17,14,0.000511599937453866,0.012370300013571978,3600,904905,9041,0.9991104038545483,0.9907997169143666,99.00088959614544,0.0,0,0.0,0.0
random,0.01,9049,18,22,0.0004904000088572502,0.008576999884098768,1200,904905,9031,0.9980053154751052,1.556970983722576,99.0019946845249,0.0,0,0.0,0.0
random,0.01,9049,19,20,0.0005324999801814556,0.008168100146576762,2400,904905,9010,0.9956846298782746,1.4154281670205238,99.00431537012172,0.0,0,0.0,0.0
random,0.01,9049,20,18,0.000498299952596426,0.015853800112381577,3600,904905,9045,0.9995524392063255,1.2738853503184713,99.00044756079367,0.0,0,0.0,0.0
random,0.01,9049,21,17,0.000506900018081069,0.010048899799585342,1200,904905,9012,0.9959056475541631,1.2031139419674453,99.00409435244583,0.0,0,0.0,0.0
random,0.01,9049,22,11,0.0005051000043749809,0.012787600047886372,4800,904905,8996,0.9941375061470541,0.778485491861288,99.00586249385294,0.0,0,0.0,0.0
random,0.01,9049,23,18,0.0005275001749396324,0.011309799971058965,3600,904905,9019,0.9966792094197733,1.2738853503184713,99.00332079058023,0.0,0,0.0,0.0
random,0.01,9049,24,22,0.0004879001062363386,0.01167230005376041,3600,904905,9006,0.9952425945264973,1.556970983722576,99.0047574054735,0.0,0,0.0,0.0
random,0.01,9049,25,19,0.00043290015310049057,0.013150100130587816,1200,904905,9006,0.9952425945264973,1.3446567586694975,99.0047574054735,0.0,0,0.0,0.0
random,0.01,9049,26,26,0.0005157999694347382,0.009821500163525343,0,904905,9036,0.9985578596648268,1.8400566171266808,99.00144214033517,0.0,0,0.0,0.0
random,0.01,9049,27,18,0.00045350007712841034,0.00980070000514388,1200,904905,9029,0.9977842977992165,1.2738853503184713,99.00221570220079,0.0,0,0.0,0.0
random,0.01,9049,28,15,0.000542100053280592,0.011351000051945448,3600,904905,8995,0.9940269973091097,1.0615711252653928,99.0059730026909,0.0,0,0.0,0.0
random,0.01,9049,29,16,0.0004896000027656555,0.012148699956014752,4800,904905,9040,0.9989998950166039,1.132342533616419,99.00100010498339,0.0,0,0.0,0.0
alert,0.01,9049,0,99,0.0008811999578028917,0.009872999973595142,0,904905,9042,0.9992209126924926,7.006369426751593,99.0007790873075,0.5,4,50.03898473788985,463.8690555186906
evidence,0.01,9049,0,95,0.07033189991489053,0.01199489994905889,0,904905,8996,0.9941375061470541,6.723283793347488,99.00586249385294,0.875,7,88.01599321920854,815.9217429968875
flow_prefix,0.01,9049,0,15,0.0018031001091003418,0.009700800059363246,0,904905,9025,0.9973422624474392,1.0615711252653928,99.00265773755255,0.0,0,0.0,0.0
random,0.05,45245,0,82,0.0005314999725669622,0.013748300028964877,12000,904905,45202,4.995220492758908,5.803255484784147,95.00477950724108,0.0,0,0.0,0.0
random,0.05,45245,1,71,0.0009223001543432474,0.009138300083577633,19200,904905,45242,4.999640846276681,5.0247699929228595,95.00035915372332,0.125,1,2.500179589761726,23.177047875867558
random,0.05,45245,2,76,0.0005181999877095222,0.012427800102159381,13200,904905,45205,4.995552019272742,5.37862703467799,95.00444798072726,0.0,0,0.0,0.0
random,0.05,45245,3,68,0.0005657998844981194,0.01054139994084835,14400,904905,45191,4.99400489554152,4.812455767869781,95.00599510445849,0.0,0,0.0,0.0
random,0.05,45245,4,67,0.0004881001077592373,0.01053109997883439,16800,904905,45241,4.9995303374387365,4.7416843595187546,95.00046966256126,0.125,1,2.500234853340996,23.177560177714906
random,0.05,45245,5,82,0.0005087000317871571,0.009736899985000491,12000,904905,45174,4.992126245296467,5.803255484784147,95.00787375470352,0.0,0,0.0,0.0
random,0.05,45245,6,78,0.0006025000475347042,0.011793600162491202,10800,904905,45193,4.994225913217409,5.520169851380042,95.0057740867826,0.0,0,0.0,0.0
random,0.05,45245,7,67,0.00046740006655454636,0.008947599912062287,13200,904905,45209,4.995994054624519,4.7416843595187546,95.00400594537548,0.0,0,0.0,0.0
random,0.05,45245,8,75,0.000490299891680479,0.008430799935013056,13200,904905,45199,4.9948889662450755,5.307855626326964,95.00511103375493,0.0,0,0.0,0.0
random,0.05,45245,9,82,0.0004678999539464712,0.014213000191375613,12000,904905,45177,4.992457771810301,5.803255484784147,95.0075422281897,0.125,1,2.5037768112092436,23.21039466985413
random,0.05,45245,10,76,0.0006097001023590565,0.011327599873766303,18000,904905,45238,4.999198810924903,5.37862703467799,95.0008011890751,0.0,0,0.0,0.0
random,0.05,45245,11,73,0.00045970012433826923,0.011647300096228719,14400,904905,45222,4.997430669517795,5.166312809624912,95.0025693304822,0.0,0,0.0,0.0
random,0.05,45245,12,74,0.0005667000077664852,0.009841799968853593,18000,904905,45235,4.998867284411071,5.237084217975938,95.00113271558894,0.0,0,0.0,0.0
random,0.05,45245,13,80,0.0005243001505732536,0.013574599986895919,13200,904905,45240,4.999419828600792,5.661712668082095,95.0005801713992,0.125,1,2.5002901193633953,23.178072502210433
random,0.05,45245,14,74,0.0006546999793499708,0.009225200163200498,10800,904905,45183,4.993120824837966,5.237084217975938,95.00687917516203,0.0,0,0.0,0.0
random,0.05,45245,15,73,0.0005331998690962791,0.010937500046566129,14400,904905,45174,4.992126245296467,5.166312809624912,95.00787375470352,0.0,0,0.0,0.0
random,0.05,45245,16,62,0.00048569985665380955,0.011953499866649508,22800,904905,45219,4.997099143003961,4.387827317763623,95.00290085699604,0.0,0,0.0,0.0
random,0.05,45245,17,72,0.0005636001005768776,0.008979699807241559,14400,904905,45241,4.9995303374387365,5.095541401273885,95.00046966256126,0.0,0,0.0,0.0
random,0.05,45245,18,79,0.0005061000119894743,0.013174400199204683,14400,904905,45236,4.998977793249015,5.590941259731069,95.00102220675099,0.125,1,2.500511207887523,23.180122026704396
random,0.05,45245,19,85,0.0005449999589473009,0.011007799999788404,13200,904905,45213,4.996436089976296,6.015569709837226,95.0035639100237,0.0,0,0.0,0.0
random,0.05,45245,20,70,0.0005330999847501516,0.009203500114381313,14400,904905,45179,4.992678789486189,4.953998584571833,95.00732121051381,0.0,0,0.0,0.0
random,0.05,45245,21,67,0.0005339998751878738,0.01035980018787086,9600,904905,45223,4.997541178355739,4.7416843595187546,95.00245882164427,0.0,0,0.0,0.0
random,0.05,45245,22,65,0.0004891999997198582,0.010115900076925755,16800,904905,45215,4.996657107652185,4.600141542816702,95.00334289234782,0.0,0,0.0,0.0
random,0.05,45245,23,75,0.0004600000102072954,0.010741299949586391,15600,904905,45219,4.997099143003961,5.307855626326964,95.00290085699604,0.125,1,2.5014512704836465,23.18883655100732
random,0.05,45245,24,66,0.0004921001382172108,0.010562799870967865,24000,904905,45218,4.9969886341660175,4.670912951167728,95.00301136583398,0.0,0,0.0,0.0
random,0.05,45245,25,68,0.000510399928316474,0.008127599954605103,13200,904905,45234,4.998756775573127,4.812455767869781,95.00124322442687,0.0,0,0.0,0.0
random,0.05,45245,26,86,0.0005065000150352716,0.011269900016486645,14400,904905,45239,4.9993093197628475,6.086341118188252,95.00069068023716,0.0,0,0.0,0.0
random,0.05,45245,27,78,0.0007927999831736088,0.009558300022035837,12000,904905,45231,4.998425249059293,5.520169851380042,95.0015747509407,0.0,0,0.0,0.0
random,0.05,45245,28,75,0.0005419999361038208,0.010211699875071645,9600,904905,45215,4.996657107652185,5.307855626326964,95.00334289234782,0.0,0,0.0,0.0
random,0.05,45245,29,66,0.0005512000061571598,0.013551599811762571,16800,904905,45190,4.993894386703577,4.670912951167728,95.00610561329643,0.0,0,0.0,0.0
alert,0.05,45245,0,165,0.000750300008803606,0.011349199805408716,31200,904905,45192,4.994115404379465,11.67728237791932,95.00588459562054,0.5,4,10.011783058948486,92.81076296689679
evidence,0.05,45245,0,132,0.10403280006721616,0.009961999952793121,33600,904905,45240,4.999419828600792,9.341825902335456,95.0005801713992,0.875,7,17.502030835543767,162.24650751547304
flow_prefix,0.05,45245,0,66,0.0016240000259131193,0.010109399911016226,0,904905,45217,4.996878125328073,4.670912951167728,95.00312187467192,0.0,0,0.0,0.0
random,0.1,90490,0,143,0.0005274999421089888,0.008064999943599105,32400,904905,90464,9.997071515794476,10.120311394196744,90.00292848420553,0.0,0,0.0,0.0
random,0.1,90490,1,134,0.0005648999940603971,0.00854320009239018,36000,904905,90429,9.993203706466424,9.483368719037509,90.00679629353357,0.125,1,1.250850114454434,11.59557221687733
random,0.1,90490,2,147,0.0005745000671595335,0.011384999845176935,26400,904905,90456,9.996187445090921,10.40339702760085,90.00381255490908,0.125,1,1.2504767511276202,11.592111081630849
random,0.1,90490,3,137,0.0005237997975200415,0.0099651999771595,27600,904905,90460,9.996629480442698,9.695682944090587,90.00337051955731,0.0,0,0.0,0.0
random,0.1,90490,4,127,0.0005097000394016504,0.009290499845519662,32400,904905,90415,9.991656582735205,8.987968860580326,90.0083434172648,0.125,1,1.25104379804236,11.597367693413704
random,0.1,90490,5,151,0.0005441000685095787,0.010572999948635697,27600,904905,90439,9.994308794845868,10.686482661004954,90.00569120515414,0.125,1,1.2507118057475204,11.594290073972513
random,0.1,90490,6,141,0.0005963000003248453,0.009130199905484915,30000,904905,90421,9.99231963576287,9.978768577494693,90.00768036423713,0.125,1,1.2509607834463234,11.596598135388904
random,0.1,90490,7,135,0.000582600012421608,0.009553200099617243,28800,904905,90489,9.999834236743084,9.554140127388536,90.00016576325692,0.0,0,0.0,0.0
random,0.1,90490,8,143,0.0005509001202881336,0.011034800205379725,28800,904905,90446,9.995082356711478,10.120311394196744,90.00491764328852,0.0,0,0.0,0.0
random,0.1,90490,9,157,0.0005046001169830561,0.013159099966287613,24000,904905,90451,9.9956349009012,11.11111111111111,90.0043650990988,0.125,1,1.2505458756674885,11.592751876706725
random,0.1,90490,10,167,0.0005188998766243458,0.015579399885609746,27600,904905,90461,9.996739989280643,11.818825194621374,90.00326001071936,0.125,1,1.2504076342291153,11.591470357391582
random,0.1,90490,11,138,0.0005218000151216984,0.011230599833652377,31200,904905,90480,9.998839657201584,9.766454352441613,90.00116034279841,0.125,1,1.2501450596816976,11.589036251105217
random,0.1,90490,12,150,0.000512799946591258,0.012190800160169601,33600,904905,90454,9.995966427415032,10.615711252653927,90.00403357258496,0.125,1,1.2505044000265328,11.592367391160147
random,0.1,90490,13,139,0.0005149999633431435,0.010630700038746,30000,904905,90435,9.993866759494091,9.83722576079264,90.0061332405059,0.125,1,1.2507671255597943,11.594802897108421
random,0.1,90490,14,143,0.0009405999444425106,0.010153300128877163,26400,904905,90457,9.996297953928865,10.120311394196744,90.00370204607113,0.0,0,0.0,0.0
random,0.1,90490,15,138,0.00047300010919570923,0.014975499827414751,30000,904905,90465,9.99718202463242,9.766454352441613,90.00281797536758,0.0,0,0.0,0.0
random,0.1,90490,16,137,0.0004577001091092825,0.009111899882555008,36000,904905,90421,9.99231963576287,9.695682944090587,90.00768036423713,0.125,1,1.2509607834463234,11.596598135388904
random,0.1,90490,17,146,0.0005039998795837164,0.009891799883916974,28800,904905,90461,9.996739989280643,10.332625619249823,90.00326001071936,0.0,0,0.0,0.0
random,0.1,90490,18,144,0.0005393000319600105,0.013063000049442053,30000,904905,90488,9.99972372790514,10.19108280254777,90.00027627209487,0.125,1,1.2500345349659623,11.588011670055698
random,0.1,90490,19,152,0.0005032999906688929,0.009687800193205476,31200,904905,90436,9.993977268332035,10.75725406935598,90.00602273166797,0.0,0,0.0,0.0
random,0.1,90490,20,154,0.0009071000386029482,0.012207699939608574,25200,904905,90459,9.996518971604754,10.898796886058033,90.00348102839524,0.25,2,2.5008705601432695,23.183453277175296
random,0.1,90490,21,139,0.0007727998308837414,0.011768599972128868,19200,904905,90434,9.993756250656146,9.83722576079264,90.00624374934385,0.0,0,0.0,0.0
random,0.1,90490,22,130,0.0005370997823774815,0.008655099896714091,34800,904905,90435,9.993866759494091,9.200283085633403,90.0061332405059,0.0,0,0.0,0.0
random,0.1,90490,23,148,0.00056050019338727,0.005568200023844838,31200,904905,90436,9.993977268332035,10.474168435951876,90.00602273166797,0.125,1,1.2507532951479499,11.594674687071521
random,0.1,90490,24,137,0.0005309998523443937,0.008394899778068066,40800,904905,90457,9.996297953928865,9.695682944090587,90.00370204607113,0.0,0,0.0,0.0
random,0.1,90490,25,138,0.0005365000106394291,0.008302399888634682,24000,904905,90439,9.994308794845868,9.766454352441613,90.00569120515414,0.0,0,0.0,0.0
random,0.1,90490,26,159,0.0006591998971998692,0.008636399870738387,30000,904905,90451,9.9956349009012,11.252653927813164,90.0043650990988,0.125,1,1.2505458756674885,11.592751876706725
random,0.1,90490,27,151,0.0007774000987410545,0.008943199878558517,26400,904905,90488,9.99972372790514,10.686482661004954,90.00027627209487,0.125,1,1.2500345349659623,11.588011670055698
random,0.1,90490,28,145,0.0007158000953495502,0.01021860004402697,22800,904905,90488,9.99972372790514,10.261854210898797,90.00027627209487,0.0,0,0.0,0.0
random,0.1,90490,29,136,0.0006315000355243683,0.008979999925941229,33600,904905,90480,9.998839657201584,9.624911535739562,90.00116034279841,0.125,1,1.2501450596816976,11.589036251105217
alert,0.1,90490,0,226,0.0007629001047462225,0.0066964998841285706,72000,904905,90424,9.992651162276703,15.994338287331917,90.0073488377233,0.625,5,6.254596401397859,57.9810669733699
evidence,0.1,90490,0,177,0.129899799823761,0.013785299845039845,75600,904905,90450,9.995524392063256,12.526539278131635,90.00447560793674,1.0,8,10.004477611940299,92.74304035378663
flow_prefix,0.1,90490,0,165,0.0016673000063747168,0.009186400100588799,0,904905,90455,9.996076936252978,11.67728237791932,90.00392306374702,0.375,3,3.751471726272732,34.77671770493615
random,0.2,180981,0,284,0.0006464999169111252,0.0094393000472337,63600,904905,180981,20.0,20.099079971691438,80.0,0.125,1,0.625,5.793845762814881
random,0.2,180981,1,271,0.0005212000105530024,0.015108400024473667,69600,904905,180965,19.99823185859289,19.179051663128096,80.00176814140711,0.25,2,1.2501105186085708,11.58871605006493
random,0.2,180981,2,282,0.0005826998967677355,0.012604800052940845,58800,904905,180936,19.995027102292507,19.957537154989385,80.00497289770749,0.125,1,0.6251554417031436,5.795286731219879
random,0.2,180981,3,262,0.0005073000211268663,0.015642200130969286,60000,904905,180933,19.994695575778675,18.54210898796886,80.00530442422132,0.125,1,0.6251658072325115,5.79538282126533
random,0.2,180981,4,272,0.0005054001230746508,0.011546399910002947,64800,904905,180932,19.99458506694073,19.249823071479124,80.00541493305927,0.125,1,0.6251692624853536,5.795414851988593
random,0.2,180981,5,278,0.0005189999938011169,0.009967399993911386,64800,904905,180914,19.99259590785773,19.67445152158528,80.00740409214227,0.125,1,0.6252314635683253,5.795991465558221
random,0.2,180981,6,278,0.0009516000282019377,0.014868400059640408,61200,904905,180957,19.997347787889336,19.67445152158528,80.00265221211068,0.25,2,1.2501657852417978,11.589228380222925
random,0.2,180981,7,285,0.0005639998707920313,0.014105200069025159,48000,904905,180931,19.994474558102784,20.169851380042463,80.00552544189722,0.125,1,0.6251727177763899,5.79544688306592
random,0.2,180981,8,297,0.0005131999496370554,0.010938100051134825,55200,904905,180908,19.991932854830065,21.019108280254777,80.00806714516993,0.125,1,0.6252522000132664,5.796183695580074
random,0.2,180981,9,299,0.0005393000319600105,0.016584699973464012,57600,904905,180947,19.996242699509896,21.16065109695683,80.00375730049011,0.125,1,0.6251174377027527,5.794934428313263
random,0.2,180981,10,304,0.0006484999321401119,0.010190400062128901,57600,904905,180959,19.997568805565223,21.51450813871196,80.00243119443478,0.125,1,0.6250759840626883,5.794550146718318
random,0.2,180981,11,277,0.0007678999099880457,0.012533199973404408,58800,904905,180977,19.999557964648222,19.603680113234255,80.00044203535177,0.125,1,0.6250138139100548,5.793973819877664
random,0.2,180981,12,286,0.0005471000913530588,0.013345400104299188,67200,904905,180945,19.996021681834005,20.240622788393487,80.00397831816599,0.25,2,1.250248694354638,11.589996960402333
random,0.2,180981,13,286,0.0005293998401612043,0.01246190001256764,61200,904905,180956,19.99723727905139,20.240622788393487,80.00276272094861,0.125,1,0.6250863469572714,5.794646212338911
random,0.2,180981,14,305,0.0005093999207019806,0.01240819995291531,54000,904905,180913,19.992485399019785,21.585279547062985,80.00751460098022,0.125,1,0.6252349195469646,5.796023503009734
random,0.2,180981,15,284,0.0005216000135987997,0.012783499900251627,56400,904905,180912,19.992374890181843,20.099079971691438,80.00762510981816,0.125,1,0.6252383755638101,5.796055540815424
random,0.2,180981,16,284,0.0005053998902440071,0.013241099892184138,67200,904905,180909,19.99204336366801,20.099079971691438,80.00795663633198,0.25,2,1.2504974876871797,11.592303312715233
random,0.2,180981,17,278,0.0005200998857617378,0.011619199998676777,56400,904905,180964,19.998121349754946,19.67445152158528,80.00187865024505,0.125,1,0.625058713335249,5.794390044428726
random,0.2,180981,18,279,0.00048329983837902546,0.013569300062954426,64800,904905,180929,19.994253540426897,19.745222929936304,80.0057464595731,0.125,1,0.6251796284730474,5.795510946282796
random,0.2,180981,19,298,0.0007915000896900892,0.015355600044131279,51600,904905,180911,19.992264381343897,21.0898796886058,80.00773561865611,0.125,1,0.6252418316188624,5.796087578975297
random,0.2,180981,20,288,0.0006725999992340803,0.014214999973773956,58800,904905,180980,19.999889491162058,20.38216560509554,80.00011050883793,0.25,2,1.2500069068405348,11.58775555309979
random,0.2,180981,21,288,0.0005348999984562397,0.012778700096532702,49200,904905,180962,19.99790033207906,20.38216560509554,80.00209966792094,0.125,1,0.6250656215116986,5.794454084282888
random,0.2,180981,22,266,0.0005397000350058079,0.01254449994303286,64800,904905,180909,19.99204336366801,18.825194621372965,80.00795663633198,0.0,0,0.0,0.0
random,0.2,180981,23,279,0.0008759000338613987,0.01219929987564683,63600,904905,180917,19.992927434371563,19.745222929936304,80.00707256562843,0.125,1,0.6252210958616382,5.795895355328686
random,0.2,180981,24,271,0.0004515000618994236,0.009662600001320243,72000,904905,180920,19.993258960885395,19.179051663128096,80.0067410391146,0.25,2,1.250421456997568,11.591598496573072
random,0.2,180981,25,288,0.0004835999570786953,0.015252799959853292,55200,904905,180949,19.99646371718578,20.38216560509554,80.00353628281422,0.125,1,0.6251105283809251,5.79487037784127
random,0.2,180981,26,303,0.0005268000531941652,0.011010000016540289,58800,904905,180966,19.998342367430837,21.443736730360936,80.00165763256916,0.125,1,0.625051805311495,5.794326005990076
random,0.2,180981,27,276,0.0005263001658022404,0.009456500178202987,61200,904905,180919,19.993148452047453,19.532908704883226,80.00685154795255,0.125,1,0.6252141842481995,5.795831283613109
random,0.2,180981,28,286,0.000526099931448698,0.011662600096315145,51600,904905,180940,19.995469137644285,20.240622788393487,80.00453086235572,0.25,2,1.250283243063999,11.59031723223168
random,0.2,180981,29,286,0.0005230000242590904,0.011640999931842089,61200,904905,180976,19.99944745581028,20.240622788393487,80.00055254418972,0.125,1,0.6250172674829811,5.794005835027849
alert,0.2,180981,0,364,0.0007348000071942806,0.01402050000615418,152400,904905,180910,19.992153872505956,25.76079263977353,80.00784612749405,0.625,5,3.12622643856061,28.980598087446797
evidence,0.2,180981,0,237,0.16869540000334382,0.011205200105905533,162000,904905,180978,19.999668473486167,16.772823779193207,80.00033152651383,1.0,8,5.000082883002354,46.35153444065025
flow_prefix,0.2,180981,0,347,0.0015751998871564865,0.010891499929130077,0,904905,180978,19.999668473486167,24.557678697806086,80.00033152651383,0.625,5,3.125051801876471,28.969709025406402
random,1,904905,0,1413,0.00023240013979375362,0.018060199916362762,300000,904905,904905,100.0,100.0,0.0,1.0,8,1.0,9.27015322050381
random,1,904905,1,1413,0.0002662001643329859,0.019457299960777164,300000,904905,904905,100.0,100.0,0.0,1.0,8,1.0,9.27015322050381
random,1,904905,2,1413,0.0002367000561207533,0.01870819996111095,300000,904905,904905,100.0,100.0,0.0,1.0,8,1.0,9.27015322050381
random,1,904905,3,1413,0.00028440007008612156,0.017239299835637212,300000,904905,904905,100.0,100.0,0.0,1.0,8,1.0,9.27015322050381
random,1,904905,4,1413,0.00022270018234848976,0.017477500019595027,300000,904905,904905,100.0,100.0,0.0,1.0,8,1.0,9.27015322050381
random,1,904905,5,1413,0.00016489997506141663,0.016625700052827597,300000,904905,904905,100.0,100.0,0.0,1.0,8,1.0,9.27015322050381
random,1,904905,6,1413,0.00017190002836287022,0.017811099998652935,300000,904905,904905,100.0,100.0,0.0,1.0,8,1.0,9.27015322050381
random,1,904905,7,1413,0.00027860002592206,0.01865350012667477,300000,904905,904905,100.0,100.0,0.0,1.0,8,1.0,9.27015322050381
random,1,904905,8,1413,0.00018930016085505486,0.018268000101670623,300000,904905,904905,100.0,100.0,0.0,1.0,8,1.0,9.27015322050381
random,1,904905,9,1413,0.0003345001023262739,0.01582179986871779,300000,904905,904905,100.0,100.0,0.0,1.0,8,1.0,9.27015322050381
random,1,904905,10,1413,0.00023199990391731262,0.018310099840164185,300000,904905,904905,100.0,100.0,0.0,1.0,8,1.0,9.27015322050381
random,1,904905,11,1413,0.00027439999394118786,0.015064999926835299,300000,904905,904905,100.0,100.0,0.0,1.0,8,1.0,9.27015322050381
random,1,904905,12,1413,0.00028760009445250034,0.01878990000113845,300000,904905,904905,100.0,100.0,0.0,1.0,8,1.0,9.27015322050381
random,1,904905,13,1413,0.00023250002413988113,0.01613790006376803,300000,904905,904905,100.0,100.0,0.0,1.0,8,1.0,9.27015322050381
random,1,904905,14,1413,0.00021430011838674545,0.015626699896529317,300000,904905,904905,100.0,100.0,0.0,1.0,8,1.0,9.27015322050381
random,1,904905,15,1413,0.00017659994773566723,0.018556199967861176,300000,904905,904905,100.0,100.0,0.0,1.0,8,1.0,9.27015322050381
random,1,904905,16,1413,0.00021319999359548092,0.017778699984773993,300000,904905,904905,100.0,100.0,0.0,1.0,8,1.0,9.27015322050381
random,1,904905,17,1413,0.0002521001733839512,0.01681510009802878,300000,904905,904905,100.0,100.0,0.0,1.0,8,1.0,9.27015322050381
random,1,904905,18,1413,0.00019890000112354755,0.015912699978798628,300000,904905,904905,100.0,100.0,0.0,1.0,8,1.0,9.27015322050381
random,1,904905,19,1413,0.00014570006169378757,0.017736600013449788,300000,904905,904905,100.0,100.0,0.0,1.0,8,1.0,9.27015322050381
random,1,904905,20,1413,0.000170400133356452,0.015800599940121174,300000,904905,904905,100.0,100.0,0.0,1.0,8,1.0,9.27015322050381
random,1,904905,21,1413,0.00022380007430911064,0.016562400152906775,300000,904905,904905,100.0,100.0,0.0,1.0,8,1.0,9.27015322050381
random,1,904905,22,1413,0.00018969993107020855,0.018356400076299906,300000,904905,904905,100.0,100.0,0.0,1.0,8,1.0,9.27015322050381
random,1,904905,23,1413,0.00023930007591843605,0.02081659995019436,300000,904905,904905,100.0,100.0,0.0,1.0,8,1.0,9.27015322050381
random,1,904905,24,1413,0.00012580002658069134,0.016710600117221475,300000,904905,904905,100.0,100.0,0.0,1.0,8,1.0,9.27015322050381
random,1,904905,25,1413,0.00023099989630281925,0.01785650011152029,300000,904905,904905,100.0,100.0,0.0,1.0,8,1.0,9.27015322050381
random,1,904905,26,1413,0.00022460008040070534,0.02086130017414689,300000,904905,904905,100.0,100.0,0.0,1.0,8,1.0,9.27015322050381
random,1,904905,27,1413,0.0001588000450283289,0.016817399999126792,300000,904905,904905,100.0,100.0,0.0,1.0,8,1.0,9.27015322050381
random,1,904905,28,1413,0.00012609991244971752,0.020161200081929564,300000,904905,904905,100.0,100.0,0.0,1.0,8,1.0,9.27015322050381
random,1,904905,29,1413,0.00025209994055330753,0.018782399827614427,300000,904905,904905,100.0,100.0,0.0,1.0,8,1.0,9.27015322050381
alert,1,904905,0,1413,0.00019020005129277706,0.016345799900591373,300000,904905,904905,100.0,100.0,0.0,1.0,8,1.0,9.27015322050381
evidence,1,904905,0,1413,0.00017170002683997154,0.019471599953249097,300000,904905,904905,100.0,100.0,0.0,1.0,8,1.0,9.27015322050381
flow_prefix,1,904905,0,1413,0.00023429980501532555,0.021327000111341476,300000,904905,904905,100.0,100.0,0.0,1.0,8,1.0,9.27015322050381
